DATASET=0-25,TYPE=WITH_FAULT_TOLERANCE,NODES=42,LINKS=63,REQUESTS=100
REQUEST PASSED, REQUESTS FAILED, AVERAGE REQUEST DELAY, AVERAGE REQUEST COST, AVERAGE FAILURE PROBABILITY, AVERAGE LENGTH OF PATHS, MEAN NODE [CPU, RAM, PBS], MEAN LINK BANDWIDTH
25,0,6.466400000000001,6.315999999999999,44.56553197278911%,3.48,[50.0, 64.0],856.75
REQUEST STATUS,REQUEST ID,PATH ID,FAILURE PROBABILITY,DELAY,COST,FUNCTIONS,PATH
APPROVED,1,R1P2,48.032653061224494%,8.379999999999999,7.5,['F1', 'F2', 'F4'],[5, 1, 6, 7]
APPROVED,2,R2P1,48.03265306122449%,9.51,9.5,['F3', 'F4', 'F5'],[5, 1, 2, 3, 4]
APPROVED,3,R3P1,38.44183673469388%,7.17,7.5,['F5', 'F1', 'F2'],[6, 1, 2, 3]
APPROVED,4,R4P1,42.62244897959184%,9.55,7.8,['F1', 'F3', 'F2'],[2, 1, 6, 7]
APPROVED,5,R5P1,51.377142857142864%,10.870000000000001,9.8,['F4', 'F5', 'F3'],[4, 5, 1, 6, 7]
APPROVED,6,R6P2,51.37714285714286%,10.87,9.8,['F4', 'F3', 'F5'],[7, 6, 1, 5, 4]
APPROVED,7,R7P2,48.032653061224494%,9.51,9.5,['F1', 'F5', 'F3'],[4, 3, 2, 1, 5]
APPROVED,8,R8P1,38.44183673469388%,7.17,7.5,['F2', 'F3', 'F5'],[6, 1, 2, 3]
APPROVED,9,R9P1,38.44183673469388%,7.17,7.500000000000001,['F2', 'F4', 'F3'],[3, 2, 1, 6]
APPROVED,10,R10P3,46.55714285714285%,2.38,2.9,['F3', 'F2', 'F5'],[2, 3]
APPROVED,11,R11P1,54.91836734693878%,4.06,3.1999999999999997,['F2', 'F4', 'F3'],[7, 6]
APPROVED,12,R12P1,41.14693877551021%,2.0,2.8,['F2', 'F3', 'F5'],[5, 1]
APPROVED,13,R13P1,45.081632653061234%,6.91,7.500000000000001,['F3', 'F4', 'F2'],[4, 5, 1, 6]
APPROVED,14,R14P3,54.91836734693878%,4.0600000000000005,3.2,['F1', 'F2', 'F3'],[6, 7]
APPROVED,15,R15P1,30.326530612244902%,3.17,3.1,['F4', 'F5', 'F3'],[1, 2]
APPROVED,16,R16P1,40.16326530612245%,4.75,5.1000000000000005,['F3', 'F2', 'F4'],[3, 2, 1]
APPROVED,17,R17P2,45.08163265306122%,6.91,7.499999999999999,['F4', 'F1', 'F3'],[6, 1, 5, 4]
APPROVED,18,R18P1,46.06530612244899%,11.129999999999999,9.8,['F4', 'F3', 'F2'],[7, 6, 1, 2, 3]
APPROVED,19,R19P3,52.623129251700675%,5.74,5.2,['F1', 'F3', 'F2'],[2, 3, 4]
APPROVED,20,R20P2,48.032653061224494%,9.51,9.5,['F4', 'F5', 'F1'],[4, 3, 2, 1, 5]
APPROVED,21,R21P3,49.01632653061225%,4.49,5.1000000000000005,['F4', 'F3', 'F1'],[1, 5, 4]
APPROVED,22,R22P1,31.310204081632655%,5.59,5.5,['F3', 'F2', 'F4'],[6, 1, 2]
APPROVED,23,R23P2,52.62312925170068%,5.739999999999999,5.2,['F2', 'F5', 'F1'],[4, 3, 2]
APPROVED,24,R24P2,30.326530612244902%,3.02,3.1,['F5', 'F1', 'F4'],[1, 6]
APPROVED,25,R25P3,41.14693877551021%,2.0,2.8000000000000003,['F3', 'F1', 'F5'],[1, 5]
