DATASET=TEST_A,TYPE=WITH_FAULT_TOLERANCE,NODES=42,LINKS=63,REQUESTS=100
REQUEST PASSED, REQUESTS FAILED, AVERAGE REQUEST DELAY, AVERAGE REQUEST COST, AVERAGE FAILURE PROBABILITY, AVERAGE LENGTH OF PATHS, MEAN NODE [CPU, RAM, PBS], MEAN LINK BANDWIDTH
18,7,11.305555555555554,43.888888888888886,31.95464541505358%,4.888888888888889,[91.95, 91.95, 91.95],988.3333333333334
REQUEST STATUS,REQUEST ID,PATH ID,FAILURE PROBABILITY,DELAY,COST,FUNCTIONS,PATH
DENIED,1,NONE,NONE,0,0,['F2'],src=6, dest=5
APPROVED,2,R2P27,27.554359925788496%,15.900000000000002,55,['F6', 'F2', 'F5', 'F1'],[9, 7, 15, 17, 3, 12]
DENIED,3,NONE,NONE,0,0,['F5', 'F6'],src=19, dest=8
APPROVED,4,R4P17,29.191522762951333%,15.400000000000002,65,['F3', 'F5', 'F4'],[11, 16, 3, 17, 15, 7, 8]
APPROVED,5,R5P2,48.62285714285714%,6.1,25,['F5'],[1, 4, 2]
DENIED,6,NONE,NONE,0,0,['F2', 'F3', 'F1'],src=5, dest=2
APPROVED,7,R7P1,32.855976676384834%,7.3,35,['F4'],[14, 15, 1, 2]
APPROVED,8,R8P1,32.855976676384834%,9.3,35,['F4', 'F5'],[14, 15, 1, 2]
APPROVED,9,R9P13,37.91486880466473%,7.499999999999999,35,['F5'],[20, 17, 3, 4]
DENIED,10,NONE,NONE,0,0,['F6', 'F3', 'F4', 'F5'],src=19, dest=18
APPROVED,11,R11P7,30.545124716553286%,10.8,45,['F2', 'F5'],[8, 10, 15, 7, 9]
APPROVED,12,R12P3,26.123562152133584%,16.200000000000003,55,['F1', 'F3', 'F2', 'F6'],[12, 3, 17, 15, 1, 4]
APPROVED,13,R13P13,37.32154195011337%,12.600000000000001,45,['F4', 'F5', 'F6'],[4, 3, 17, 15, 14]
APPROVED,14,R14P11,29.34285714285714%,12.9,45,['F6', 'F2', 'F1'],[8, 7, 15, 1, 4]
DENIED,15,NONE,NONE,0,0,['F4', 'F5', 'F1'],src=10, dest=6
DENIED,16,NONE,NONE,0,0,['F1', 'F4', 'F3', 'F6', 'F2'],src=19, dest=14
APPROVED,17,R17P3,39.83537414965987%,13.1,45,['F4', 'F3', 'F1'],[1, 4, 3, 12, 11]
APPROVED,18,R18P3,27.81269841269841%,10.700000000000001,45,['F5', 'F2'],[7, 8, 10, 15, 17]
DENIED,19,NONE,NONE,0,0,['F3', 'F1', 'F2', 'F6', 'F5'],src=16, dest=11
APPROVED,20,R20P10,29.561451247165525%,9.0,45,['F3'],[2, 1, 15, 17, 20]
APPROVED,21,R21P46,29.561451247165532%,12.700000000000001,45,['F6', 'F5', 'F3'],[7, 15, 17, 3, 16]
APPROVED,22,R22P4,29.061807580174925%,7.699999999999999,35,['F5'],[4, 1, 15, 10]
APPROVED,23,R23P12,27.81269841269841%,12.8,45,['F6', 'F1', 'F5'],[10, 15, 17, 3, 16]
APPROVED,24,R24P10,28.18033395176252%,16.3,55,['F4', 'F2', 'F5', 'F3'],[4, 1, 15, 17, 3, 16]
APPROVED,25,R25P12,31.029154518950435%,7.2,35,['F6'],[9, 7, 15, 17]
