DATASET=TINY,TYPE=WITH_FAULT_TOLERANCE,NODES=42,LINKS=63,REQUESTS=100
REQUEST PASSED, REQUESTS FAILED, AVERAGE REQUEST DELAY, AVERAGE REQUEST COST, AVERAGE FAILURE PROBABILITY, AVERAGE LENGTH OF PATHS, MEAN NODE [CPU, RAM], MEAN LINK BANDWIDTH
25,0,6.466400000000001,6.315999999999999,44.56590163934427%,3.48,[50.0, 64.0],856.75
REQUEST STATUS,REQUEST ID,PATH ID,FAILURE PROBABILITY,DELAY,COST,FUNCTIONS,PATH
APPROVED,1,R1P2,48.032786885245905%,8.379999999999999,7.5,['F1', 'F2', 'F4'],[5, 1, 6, 7]
APPROVED,2,R2P1,48.0327868852459%,9.51,9.5,['F3', 'F4', 'F5'],[5, 1, 2, 3, 4]
APPROVED,3,R3P1,38.44262295081967%,7.17,7.5,['F5', 'F1', 'F2'],[6, 1, 2, 3]
APPROVED,4,R4P1,42.622950819672134%,9.55,7.8,['F1', 'F3', 'F2'],[2, 1, 6, 7]
APPROVED,5,R5P1,51.37704918032788%,10.870000000000001,9.8,['F4', 'F5', 'F3'],[4, 5, 1, 6, 7]
APPROVED,6,R6P2,51.37704918032788%,10.87,9.8,['F4', 'F3', 'F5'],[7, 6, 1, 5, 4]
APPROVED,7,R7P2,48.03278688524591%,9.51,9.5,['F1', 'F5', 'F3'],[4, 3, 2, 1, 5]
APPROVED,8,R8P1,38.44262295081967%,7.17,7.5,['F2', 'F3', 'F5'],[6, 1, 2, 3]
APPROVED,9,R9P1,38.442622950819676%,7.17,7.500000000000001,['F2', 'F4', 'F3'],[3, 2, 1, 6]
APPROVED,10,R10P3,46.557377049180324%,2.38,2.9,['F3', 'F2', 'F5'],[2, 3]
APPROVED,11,R11P1,54.91803278688525%,4.06,3.1999999999999997,['F2', 'F4', 'F3'],[7, 6]
APPROVED,12,R12P1,41.14754098360656%,2.0,2.8,['F2', 'F3', 'F5'],[5, 1]
APPROVED,13,R13P1,45.081967213114766%,6.91,7.500000000000001,['F3', 'F4', 'F2'],[4, 5, 1, 6]
APPROVED,14,R14P3,54.91803278688525%,4.0600000000000005,3.2,['F1', 'F2', 'F3'],[6, 7]
APPROVED,15,R15P1,30.327868852459016%,3.17,3.1,['F4', 'F5', 'F3'],[1, 2]
APPROVED,16,R16P1,40.16393442622952%,4.75,5.1000000000000005,['F3', 'F2', 'F4'],[3, 2, 1]
APPROVED,17,R17P2,45.08196721311476%,6.91,7.499999999999999,['F4', 'F1', 'F3'],[6, 1, 5, 4]
APPROVED,18,R18P1,46.06557377049181%,11.129999999999999,9.8,['F4', 'F3', 'F2'],[7, 6, 1, 2, 3]
APPROVED,19,R19P3,52.622950819672134%,5.74,5.2,['F1', 'F3', 'F2'],[2, 3, 4]
APPROVED,20,R20P2,48.03278688524591%,9.51,9.5,['F4', 'F5', 'F1'],[4, 3, 2, 1, 5]
APPROVED,21,R21P3,49.016393442622956%,4.49,5.1000000000000005,['F4', 'F3', 'F1'],[1, 5, 4]
APPROVED,22,R22P1,31.31147540983607%,5.59,5.5,['F3', 'F2', 'F4'],[6, 1, 2]
APPROVED,23,R23P2,52.622950819672134%,5.739999999999999,5.2,['F2', 'F5', 'F1'],[4, 3, 2]
APPROVED,24,R24P2,30.327868852459016%,3.02,3.1,['F5', 'F1', 'F4'],[1, 6]
APPROVED,25,R25P3,41.14754098360656%,2.0,2.8000000000000003,['F3', 'F1', 'F5'],[1, 5]
