DATASET=TEST_A,TYPE=WITHOUT_FAULT_TOLERANCE,NODES=42,LINKS=63,REQUESTS=100
REQUEST PASSED, REQUESTS FAILED, AVERAGE REQUEST DELAY, AVERAGE REQUEST COST, AVERAGE FAILURE PROBABILITY, AVERAGE LENGTH OF PATHS, MEAN NODE [CPU, RAM, PBS], MEAN LINK BANDWIDTH
25,0,7.68,33.0,39.5064837058633%,3.8,[0.0, 0.0, 0.0],1048.5
REQUEST STATUS,REQUEST ID,PATH ID,FAILURE PROBABILITY,DELAY,COST,FUNCTIONS,PATH
APPROVED,1,R1P117,38.89854227405248%,6.4,35,['F3'],[19, 5, 2, 16]
APPROVED,2,R2P105,41.58412698412699%,10.6,45,['F4', 'F1', 'F3', 'F2'],[17, 3, 13, 11, 14]
APPROVED,3,R3P1,39.17959183673469%,6.8,25,['F1', 'F2', 'F6'],[7, 2, 5]
APPROVED,4,R4P1758,49.78140589569161%,9.7,45,['F4', 'F3', 'F6'],[1, 12, 14, 15, 6]
APPROVED,5,R5P1566,28.555918367346933%,7.8999999999999995,25,['F6', 'F1', 'F5', 'F2'],[15, 2, 7]
APPROVED,6,R6P1582,35.24489795918367%,8.0,35,['F2', 'F4', 'F1'],[11, 14, 12, 1]
APPROVED,7,R7P2759,29.146122448979593%,8.1,25,['F4', 'F6', 'F5', 'F2'],[12, 20, 9]
APPROVED,8,R8P800,64.05247813411079%,6.3,35,['F6'],[5, 4, 6, 1]
APPROVED,9,R9P1165,38.195918367346934%,7.3999999999999995,35,['F6', 'F1'],[18, 17, 3, 13]
APPROVED,10,R10P1876,34.06448979591836%,4.9,25,['F6'],[8, 11, 14]
APPROVED,11,R11P165,40.709750566893426%,9.700000000000001,45,['F6', 'F3', 'F4'],[12, 14, 11, 13, 19]
APPROVED,12,R12P180,30.60758017492711%,7.3999999999999995,35,['F1', 'F6'],[16, 2, 7, 19]
APPROVED,13,R13P2227,36.22857142857143%,9.3,35,['F5', 'F3', 'F2', 'F1'],[20, 9, 7, 2]
APPROVED,14,R14P1472,40.16326530612244%,6.9,25,['F6', 'F2', 'F5'],[14, 11, 10]
APPROVED,15,R15P2192,47.18950437317784%,7.4,35,['F5', 'F1'],[13, 19, 5, 9]
APPROVED,16,R16P677,46.20583090379009%,7.1000000000000005,35,['F1', 'F2'],[5, 4, 10, 8]
APPROVED,17,R17P873,42.91755102040817%,5.9,25,['F6', 'F2'],[8, 11, 13]
APPROVED,18,R18P2075,35.94752186588921%,6.2,35,['F2'],[8, 11, 14, 12]
APPROVED,19,R19P1724,41.58412698412699%,9.600000000000001,45,['F2', 'F6', 'F4'],[14, 11, 13, 3, 17]
APPROVED,20,R20P2044,35.244897959183675%,7.7,45,['F2'],[8, 11, 14, 12, 20]
APPROVED,21,R21P1,39.17959183673469%,9.8,25,['F5', 'F6', 'F2', 'F4', 'F3', 'F1'],[7, 2, 5]
APPROVED,22,R22P887,40.163265306122454%,6.9,25,['F6', 'F1', 'F3'],[10, 11, 14]
APPROVED,23,R23P1919,37.802448979591844%,8.7,25,['F1', 'F5', 'F3', 'F2', 'F6'],[4, 10, 8]
APPROVED,24,R24P417,49.606530612244896%,4.9,25,['F5'],[2, 5, 4]
APPROVED,25,R25P2642,25.40816326530613%,8.399999999999999,35,['F6', 'F4', 'F3'],[15, 2, 16, 8]
