DATASET=TINY,TYPE=WITH_FAULT_TOLERANCE,NODES=42,LINKS=63,REQUESTS=100
REQUEST PASSED, REQUESTS FAILED, AVERAGE REQUEST DELAY, AVERAGE REQUEST COST, AVERAGE FAILURE PROBABILITY, AVERAGE LENGTH OF PATHS, MEAN NODE [CPU, RAM], MEAN LINK BANDWIDTH
25,0,6.602799999999999,4.535999999999999,50.74754098360656%,2.68,[773.0, 773.0],908.5
REQUEST STATUS,REQUEST ID,PATH ID,FAILURE PROBABILITY,DELAY,COST,FUNCTIONS,PATH
APPROVED,1,R1P4,65.40983606557378%,6.63,5.2,['F1', 'F2', 'F4'],[5, 4, 7]
APPROVED,2,R2P3,59.836065573770504%,3.69,2.9000000000000004,['F3', 'F4', 'F5'],[5, 4]
APPROVED,3,R3P1,38.44262295081967%,7.47,7.5,['F5', 'F1', 'F2'],[6, 1, 2, 3]
APPROVED,4,R4P4,58.606557377049185%,11.08,7.5,['F1', 'F3', 'F2'],[2, 3, 4, 7]
APPROVED,5,R5P3,70.65573770491804%,6.54,3.0999999999999996,['F4', 'F5', 'F3'],[4, 7]
APPROVED,6,R6P3,70.65573770491804%,6.84,3.0999999999999996,['F4', 'F3', 'F5'],[7, 4]
APPROVED,7,R7P1,59.836065573770504%,5.49,2.9,['F1', 'F5', 'F3'],[4, 5]
APPROVED,8,R8P1,38.44262295081967%,7.47,7.5,['F2', 'F3', 'F5'],[6, 1, 2, 3]
APPROVED,9,R9P1,38.442622950819676%,9.27,7.500000000000001,['F2', 'F4', 'F3'],[3, 2, 1, 6]
APPROVED,10,R10P3,46.557377049180324%,4.78,2.9,['F3', 'F2', 'F5'],[2, 3]
APPROVED,11,R11P1,54.91803278688525%,7.06,3.1999999999999997,['F2', 'F4', 'F3'],[7, 6]
APPROVED,12,R12P1,41.14754098360656%,2.9,2.8,['F2', 'F3', 'F5'],[5, 1]
APPROVED,13,R13P3,58.19672131147542%,9.6,5.5,['F3', 'F4', 'F2'],[4, 7, 6]
APPROVED,14,R14P3,54.91803278688525%,4.359999999999999,3.2,['F1', 'F2', 'F3'],[6, 7]
APPROVED,15,R15P1,30.327868852459016%,4.97,3.1,['F4', 'F5', 'F3'],[1, 2]
APPROVED,16,R16P1,40.16393442622952%,6.85,5.1000000000000005,['F3', 'F2', 'F4'],[3, 2, 1]
APPROVED,17,R17P3,58.19672131147541%,7.199999999999999,5.5,['F4', 'F1', 'F3'],[6, 7, 4]
APPROVED,18,R18P4,67.04918032786887%,10.0,5.1,['F4', 'F3', 'F2'],[7, 4, 3]
APPROVED,19,R19P3,52.622950819672134%,8.14,5.2,['F1', 'F3', 'F2'],[2, 3, 4]
APPROVED,20,R20P1,59.836065573770504%,5.49,2.9,['F4', 'F5', 'F1'],[4, 5]
APPROVED,21,R21P3,49.016393442622956%,6.29,5.1000000000000005,['F4', 'F3', 'F1'],[1, 5, 4]
APPROVED,22,R22P1,31.31147540983607%,5.89,5.5,['F3', 'F2', 'F4'],[6, 1, 2]
APPROVED,23,R23P2,52.622950819672134%,8.440000000000001,5.2,['F2', 'F5', 'F1'],[4, 3, 2]
APPROVED,24,R24P2,30.327868852459016%,4.819999999999999,3.1,['F5', 'F1', 'F4'],[1, 6]
APPROVED,25,R25P3,41.14754098360656%,3.8,2.8000000000000003,['F3', 'F1', 'F5'],[1, 5]
