DATASET=TEST_A,TYPE=WITHOUT_FAULT_TOLERANCE,NODES=42,LINKS=63,REQUESTS=100
REQUEST PASSED, REQUESTS FAILED, AVERAGE REQUEST DELAY, AVERAGE REQUEST COST, AVERAGE FAILURE PROBABILITY, AVERAGE LENGTH OF PATHS, MEAN NODE [CPU, RAM, PBS], MEAN LINK BANDWIDTH
25,0,8.62,40.2,37.54900472951085%,4.52,[89.2, 89.2, 89.2],985.3333333333334
REQUEST STATUS,REQUEST ID,PATH ID,FAILURE PROBABILITY,DELAY,COST,FUNCTIONS,PATH
APPROVED,1,R1P37,27.733209647495364%,12.200000000000001,55,['F2', 'F6', 'F3', 'F5'],[10, 15, 17, 3, 12, 11]
APPROVED,2,R2P56,38.41451247165533%,10.600000000000001,45,['F3', 'F6', 'F2', 'F1'],[2, 1, 15, 14, 13]
APPROVED,3,R3P63,54.043990929705224%,9.2,45,['F6', 'F5'],[19, 16, 3, 4, 2]
APPROVED,4,R4P45,28.35918367346939%,5.999999999999999,35,['F4'],[14, 15, 17, 3]
APPROVED,5,R5P55,32.383302411873835%,11.3,55,['F6', 'F3', 'F2'],[5, 2, 1, 15, 7, 8]
APPROVED,6,R6P96,33.27755102040816%,8.4,35,['F3', 'F5', 'F4'],[6, 7, 15, 17]
APPROVED,7,R7P11,49.40979591836735%,7.8,25,['F4', 'F2', 'F3', 'F5'],[20, 10, 14]
APPROVED,8,R8P9,32.29387755102041%,7.2,35,['F1', 'F2'],[20, 10, 8, 7]
APPROVED,9,R9P32,46.154730983302414%,9.5,55,['F4'],[11, 16, 3, 4, 2, 5]
APPROVED,10,R10P173,28.985157699443416%,12.100000000000001,55,['F6', 'F3', 'F5', 'F1'],[6, 7, 15, 17, 3, 12]
APPROVED,11,R11P126,29.202332361516035%,9.200000000000001,35,['F6', 'F3', 'F5', 'F2'],[7, 15, 17, 3]
APPROVED,12,R12P15,29.90495626822157%,8.2,35,['F2', 'F4', 'F3'],[18, 17, 15, 1]
APPROVED,13,R13P30,40.55673469387755%,7.1,25,['F4', 'F6', 'F2'],[20, 10, 13]
APPROVED,14,R14P80,37.91486880466472%,6.5,35,['F5'],[4, 3, 17, 20]
APPROVED,15,R15P70,41.86233766233766%,9.700000000000001,55,['F3', 'F5'],[19, 18, 17, 15, 14, 13]
APPROVED,16,R16P202,40.55673469387755%,7.1,25,['F6', 'F3', 'F4'],[13, 10, 20]
APPROVED,17,R17P15,29.90495626822157%,7.2,35,['F5', 'F2'],[18, 17, 15, 1]
APPROVED,18,R18P12,50.196734693877545%,7.8999999999999995,25,['F1', 'F5', 'F3', 'F2'],[13, 10, 14]
APPROVED,19,R19P28,27.094460641399415%,8.6,35,['F4', 'F1', 'F2'],[10, 15, 17, 20]
APPROVED,20,R20P32,46.154730983302414%,11.5,55,['F2', 'F3', 'F1'],[11, 16, 3, 4, 2, 5]
APPROVED,21,R21P53,38.195918367346934%,7.0,35,['F5', 'F3'],[13, 14, 15, 17]
APPROVED,22,R22P51,36.50962099125364%,6.5,35,['F1'],[12, 3, 16, 19]
APPROVED,23,R23P2,37.75873015873016%,8.7,45,['F2', 'F3'],[18, 17, 3, 16, 19]
APPROVED,24,R24P63,54.043990929705224%,8.2,45,['F3'],[19, 16, 3, 4, 2]
APPROVED,25,R25P35,27.81269841269841%,7.8,45,['F3'],[10, 15, 17, 3, 16]
