DATASET=TEST_A,TYPE=WITH_FAULT_TOLERANCE,NODES=42,LINKS=63,REQUESTS=100
REQUEST PASSED, REQUESTS FAILED, AVERAGE REQUEST DELAY, AVERAGE REQUEST COST
15,0,44.53333333333333,44.53333333333333
REQUEST STATUS,REQUEST ID,PATH ID,FAILURE PROBABILITY,DELAY,COST,FUNCTIONS,PATH
APPROVED,1,R1P7837,0.00033325047223907125,44.0,190,['F3', 'F1'],[16, 10, 23, 1, 17, 7, 12, 2, 11, 15]
APPROVED,2,R2P4691,0.0013203891601175036,44.0,190,['F3', 'F4', 'F6', 'F5'],[3, 11, 2, 21, 10, 22, 1, 23, 8, 5]
APPROVED,3,R3P30731,0.00420404944645834,44.0,190,['F1', 'F2'],[19, 21, 2, 1, 22, 5, 8, 23, 10, 6]
APPROVED,4,R4P7179,0.0028640085458912033,52.0,230,['F1', 'F5'],[5, 22, 10, 6, 8, 7, 17, 18, 9, 13, 2, 16]
APPROVED,5,R5P21245,0.001870518493925798,41.0,190,['F1'],[21, 2, 1, 22, 5, 15, 8, 23, 10, 16]
APPROVED,6,R6P3139,0.009527062467585577,48.0,210,['F5', 'F2'],[13, 2, 21, 1, 23, 8, 6, 10, 16, 3, 11]
APPROVED,7,R7P8060,0.002419235442464841,40.0,170,['F4', 'F5', 'F6', 'F3'],[23, 1, 22, 3, 11, 15, 5, 8, 20]
APPROVED,8,R8P16984,0.00011961006564958481,40.0,170,['F6', 'F4', 'F2'],[15, 5, 8, 7, 12, 2, 1, 17, 9]
APPROVED,9,R9P13949,0.00629362696731306,45.0,210,['F6'],[20, 8, 23, 18, 17, 12, 2, 1, 22, 10, 21]
APPROVED,10,R10P7499,0.0017291204633178398,49.0,230,['F3'],[23, 8, 7, 19, 21, 1, 2, 16, 3, 22, 10, 6]
APPROVED,11,R11P4045,0.003978146742711011,40.0,170,['F5', 'F4'],[5, 8, 20, 17, 1, 22, 3, 16, 14]
APPROVED,12,R12P9599,0.0024088337437734053,45.0,210,['F1'],[5, 22, 3, 16, 2, 21, 10, 6, 8, 23, 18]
APPROVED,13,R13P3422,0.00037338501863851765,44.0,190,['F3', 'F5', 'F6', 'F1'],[16, 10, 6, 8, 15, 5, 23, 18, 17, 1]
APPROVED,14,R14P16236,0.004140166977669297,40.0,170,['F4', 'F6', 'F1', 'F3', 'F5'],[12, 17, 20, 8, 5, 22, 1, 2, 13]
APPROVED,15,R15P2897,0.001704824646242724,52.0,230,['F2', 'F6', 'F4', 'F5'],[14, 16, 10, 22, 3, 11, 2, 1, 23, 18, 17, 4]
